,DISTRICT,income,race,Precinct Description,Precinct,prec,County,MITT ROMNEY (R),BARACK OBAMA (I)(D)
0,063RD02,48828.1436927,black,RIVERDALE 2,RIVERDALE 2,RIVERDALE 2,Clayton,64,1691
1,063JB12,52807.9999916,black,JONESBORO 12,JONESBORO 12,JONESBORO 12,Clayton,116,1359
2,063RD12,56430.6573469,black,RIVERDALE 12,RIVERDALE 12,RIVERDALE 12,Clayton,108,1686
3,121SC212,49669.0,black,SC212,SC212,SC212,Fulton,94,1407
4,121FA01B,49669.0,black,FA01B,FA01B,FA01B,Fulton,20,337
5,121FA01A,60801.4212202,black,FA01A,FA01A,FA01A,Fulton,583,3852
6,1352,66640.9990353,black,ROCKBRIDGE A,ROCKBRIDGE A,ROCKBRIDGE A,Gwinnett,652,1330
7,13575,68494.6886219,black,ROCKBRIDGE C,ROCKBRIDGE C,ROCKBRIDGE C,Gwinnett,700,2019
8,121PA01,45172.5612156,white,PA01,PA01,PA01,Fulton,366,1067
9,063JB17,43596.1683036,black,JONESBORO 17,JONESBORO 17,JONESBORO 17,Clayton,176,2259
10,063JB02,49034.3307719,black,JONESBORO 2,JONESBORO 2,JONESBORO 2,Clayton,92,2179
11,063RD09,50495.8311885,black,RIVERDALE 9,RIVERDALE 9,RIVERDALE 9,Clayton,152,1362
12,063JB16,40743.0448871,black,JONESBORO 16,JONESBORO 16,JONESBORO 16,Clayton,144,978
13,063RD05,50020.9999236,black,RIVERDALE 5,RIVERDALE 5,RIVERDALE 5,Clayton,95,1557
14,063JB03,56598.5908975,black,JONESBORO 3,JONESBORO 3,JONESBORO 3,Clayton,394,1738
15,063JB10,44499.2552632,black,JONESBORO 10,JONESBORO 10,JONESBORO 10,Clayton,177,1381
16,063JB09,35822.5347114,black,JONESBORO 9,JONESBORO 9,JONESBORO 9,Clayton,144,489
17,089FG,64793.0,black,FLAT ROCK ELEM,FLAT ROCK ELEM,FLAT ROCK ELEM,DeKalb,54,1853
18,089CF,64793.0000217,black,CANDLER-MURPHEY CANDLER ELEM,CANDLER-MURPHEY CANDLER ELEM,CANDLER-MURPHEY CANDLER ELEM,DeKalb,137,1630
19,121JC08,126335.99752,white,JC08,JC08,JC08,Fulton,1078,648
20,121JC05,98246.0388369,,JC05,JC05,JC05,Fulton,784,535
21,121JC04B,113558.0,white,JC04B,JC04B,JC04B,Fulton,85,65
22,121JC03A,98246.0004352,,JC03A,JC03A,JC03A,Fulton,191,103
23,121JC04A,163061.374152,white,JC04A,JC04A,JC04A,Fulton,1727,926
24,121JC03B,98246.0002512,,JC03B,JC03B,JC03B,Fulton,446,399
25,121JC06,126336.000022,white,JC06,JC06,JC06,Fulton,1129,442
26,135111,76509.2838063,,DULUTH H,DULUTH H,DULUTH H,Gwinnett,896,555
27,121JC02,119965.050347,,JC02,JC02,JC02,Fulton,448,310
28,089FE,65591.1473802,black,FLAT SHOALS PARKWAY,FLAT SHOALS PARKWAY,FLAT SHOALS PARKWAY,DeKalb,51,2210
29,089CG,72421.3486141,black,CHAPEL HILL ELEM,CHAPEL HILL ELEM,CHAPEL HILL ELEM,DeKalb,41,2104
30,089KD,75793.7897241,black,KING-ML KING JR HIGH,KING-ML KING JR HIGH,KING-ML KING JR HIGH,DeKalb,41,2702
31,089BJ,69589.6873835,black,BROWNS MILL ELEM,BROWNS MILL ELEM,BROWNS MILL ELEM,DeKalb,82,2437
32,089OV,51142.8983879,black,OAK VIEW ELEM,OAK VIEW ELEM,OAK VIEW ELEM,DeKalb,41,2796
33,089FK,74727.9999779,black,FLAKES MILL FIRE STATION,FLAKES MILL FIRE STATION,FLAKES MILL FIRE STATION,DeKalb,34,1176
34,089SB,70105.1177822,white,SCOTT,SCOTT,SCOTT,DeKalb,442,1084
35,063JB08,44427.2567272,black,JONESBORO 8,JONESBORO 8,JONESBORO 8,Clayton,138,1634
36,063MO8,54253.9085824,black,MORROW 8,MORROW 8,MORROW 8,Clayton,112,1561
37,063MO5,64404.8017229,black,MORROW 5,MORROW 5,MORROW 5,Clayton,442,2427
38,063RD07,39854.7245755,black,RIVERDALE 7,RIVERDALE 7,RIVERDALE 7,Clayton,143,962
39,063FP3,35993.1132663,,FOREST PARK 3,FOREST PARK 3,FOREST PARK 3,Clayton,250,850
40,063RD06,36949.3305338,black,RIVERDALE 6,RIVERDALE 6,RIVERDALE 6,Clayton,242,1338
41,063JB15,35178.5895145,black,JONESBORO 15,JONESBORO 15,JONESBORO 15,Clayton,148,1125
42,063FP5,37037.8752304,,FOREST PARK 5,FOREST PARK 5,FOREST PARK 5,Clayton,316,1286
43,063FP6,46613.8230662,,FOREST PARK 6,FOREST PARK 6,FOREST PARK 6,Clayton,220,497
44,063RD04,49299.9556957,black,RIVERDALE 4,RIVERDALE 4,RIVERDALE 4,Clayton,224,2047
45,12111J,41628.0000181,black,11J,11J,11J,Fulton,14,1078
46,121SC23A,56054.9410052,black,SC23A,SC23A,SC23A,Fulton,76,2980
47,063RD11,65591.2016586,black,RIVERDALE 11,RIVERDALE 11,RIVERDALE 11,Clayton,70,1119
48,121SC27,43809.1670036,black,SC27,SC27,SC27,Fulton,32,1391
49,121CP083,41166.0,black,CP083,CP083,CP083,Fulton,0,327
50,063RD08,62179.274513,black,RIVERDALE 8,RIVERDALE 8,RIVERDALE 8,Clayton,173,1553
51,121SC08B,43010.1486789,black,SC08B,SC08B,SC08B,Fulton,73,2023
52,121SC29A,49669.0001547,black,SC29A,SC29A,SC29A,Fulton,24,1739
53,121SC23B,54597.9959849,black,SC23B,SC23B,SC23B,Fulton,14,300
54,121SC09B,46959.0854889,black,SC09B,SC09B,SC09B,Fulton,19,1029
55,121SC11B,56759.9999777,black,SC11B,SC11B,SC11B,Fulton,11,941
56,121SC11A,56759.9999747,black,SC11A,SC11A,SC11A,Fulton,18,1009
57,121SC08D,39694.0,black,SC08D,SC08D,SC08D,Fulton,5,301
58,121UC01B,39848.998953,black,UC01B,UC01B,UC01B,Fulton,4,149
59,121SC09A,44086.6969134,black,SC09A,SC09A,SC09A,Fulton,57,1868
60,121UC01A,49338.6179548,black,UC01A,UC01A,UC01A,Fulton,58,1995
61,121UC031,51926.3173636,black,UC031,UC031,UC031,Fulton,116,740
62,121SC08E,49346.9978534,black,SC08E,SC08E,SC08E,Fulton,1,187
63,121SC07A,64043.8404756,black,SC07A,SC07A,SC07A,Fulton,359,2566
64,121CH03,41282.0,white,CH03,CH03,CH03,Fulton,173,60
65,121CH02,41282.0000023,white,CH02,CH02,CH02,Fulton,94,120
66,121CH01,41282.0,white,CH01,CH01,CH01,Fulton,39,95
67,121SC04,51949.8440986,white,SC04,SC04,SC04,Fulton,316,330
68,121CH05,41282.0,white,CH05,CH05,CH05,Fulton,235,43
69,121CH04A,41282.0,white,CH04A,CH04A,CH04A,Fulton,195,100
70,063JB18,52205.8454371,black,JONESBORO 18,JONESBORO 18,JONESBORO 18,Clayton,244,1401
71,063JB11,71803.0289449,black,JONESBORO 11,JONESBORO 11,JONESBORO 11,Clayton,614,1670
72,063JB07,61414.1036329,black,JONESBORO 7,JONESBORO 7,JONESBORO 7,Clayton,402,1465
73,063JB06,98786.0904393,white,JONESBORO 6,JONESBORO 6,JONESBORO 6,Clayton,973,696
74,121UC032,49669.0000862,black,UC032,UC032,UC032,Fulton,205,222
75,121SC211,54300.2067363,black,SC211,SC211,SC211,Fulton,20,546
76,063JB01,39933.0779979,black,JONESBORO 1,JONESBORO 1,JONESBORO 1,Clayton,217,2371
77,063PH1,71320.0,black,PANHANDLE 1,PANHANDLE 1,PANHANDLE 1,Clayton,246,1569
78,063JB13,61686.8245944,black,JONESBORO 13,JONESBORO 13,JONESBORO 13,Clayton,195,840
79,063LJ4,62823.9968421,black,LOVEJOY 4,LOVEJOY 4,LOVEJOY 4,Clayton,237,2100
80,063LJ5,48898.9998072,black,LOVEJOY 5,LOVEJOY 5,LOVEJOY 5,Clayton,151,1449
81,063PH2,71320.0,black,PANHANDLE 2,PANHANDLE 2,PANHANDLE 2,Clayton,545,1106
82,063JB04,37524.6059607,black,JONESBORO 4,JONESBORO 4,JONESBORO 4,Clayton,187,882
83,063LJ3,66907.0979587,black,LOVEJOY 3,LOVEJOY 3,LOVEJOY 3,Clayton,640,2535
84,063LJ1,50463.5165331,black,LOVEJOY 1,LOVEJOY 1,LOVEJOY 1,Clayton,360,1722
85,063LJ2,59069.9955964,black,LOVEJOY 2,LOVEJOY 2,LOVEJOY 2,Clayton,198,1482
86,063JB05,62825.0,black,JONESBORO 5,JONESBORO 5,JONESBORO 5,Clayton,329,839
87,063JB14,66969.206291,black,JONESBORO 14,JONESBORO 14,JONESBORO 14,Clayton,987,1786
88,135147,90842.5664644,,BAYCREEK I,BAYCREEK I,BAYCREEK I,Gwinnett,1391,1418
89,13580,84393.7784348,,BAYCREEK C,BAYCREEK C,BAYCREEK C,Gwinnett,1658,1616
90,13590,57021.6103245,,LAWRENCEVILLE I,LAWRENCEVILLE I,LAWRENCEVILLE I,Gwinnett,928,898
91,13585,88378.1611122,white,LAWRENCEVILLE H,LAWRENCEVILLE H,LAWRENCEVILLE H,Gwinnett,1529,815
92,135132,87845.014055,white,LAWRENCEVILLE K,LAWRENCEVILLE K,LAWRENCEVILLE K,Gwinnett,1166,729
93,13560,62617.0986675,,LAWRENCEVILLE D,LAWRENCEVILLE D,LAWRENCEVILLE D,Gwinnett,535,1619
94,13542,86150.1992045,white,LAWRENCEVILLE C,LAWRENCEVILLE C,LAWRENCEVILLE C,Gwinnett,1176,446
95,1359,80975.999975,white,PUCKETTS A,PUCKETTS A,PUCKETTS A,Gwinnett,2016,636
96,135135,90506.7657347,white,PUCKETTS C,PUCKETTS C,PUCKETTS C,Gwinnett,1212,463
97,1353,88376.2428555,white,DACULA,DACULA,DACULA,Gwinnett,1323,1161
98,135152,92688.0017271,white,ROCKYCREEK C,ROCKYCREEK C,ROCKYCREEK C,Gwinnett,1744,848
99,135137,80511.0777688,white,ROCKYCREEK B,ROCKYCREEK B,ROCKYCREEK B,Gwinnett,1888,911
100,135154,80791.9673805,white,PUCKETTS D,PUCKETTS D,PUCKETTS D,Gwinnett,1360,433
101,1358,110889.981861,white,DUNCANS A,DUNCANS A,DUNCANS A,Gwinnett,2109,560
102,13513,111087.0,white,DUNCANS C,DUNCANS C,DUNCANS C,Gwinnett,1546,386
103,121RW09,176443.563528,white,RW09,RW09,RW09,Fulton,1422,388
104,135108,80886.0366707,,BAYCREEK E,BAYCREEK E,BAYCREEK E,Gwinnett,972,733
105,135145,76761.3788658,white,BAYCREEK G,BAYCREEK G,BAYCREEK G,Gwinnett,1391,985
106,135146,82443.0556252,white,BAYCREEK H,BAYCREEK H,BAYCREEK H,Gwinnett,2258,904
107,13591,94098.1579451,white,BAYCREEK D,BAYCREEK D,BAYCREEK D,Gwinnett,1702,977
108,135133,82440.026504,white,HARBINS B,HARBINS B,HARBINS B,Gwinnett,1657,468
109,13528,103858.05682,white,ROCKYCREEK A,ROCKYCREEK A,ROCKYCREEK A,Gwinnett,1966,1016
110,135129,111273.950701,white,DUNCANS B,DUNCANS B,DUNCANS B,Gwinnett,1930,527
111,13539,111722.999983,white,DUNCANS D,DUNCANS D,DUNCANS D,Gwinnett,2488,619
112,135104,74483.9951314,black,ROCKBRIDGE F,ROCKBRIDGE F,ROCKBRIDGE F,Gwinnett,890,2352
113,13576,74483.9999396,black,ROCKBRIDGE D,ROCKBRIDGE D,ROCKBRIDGE D,Gwinnett,774,1389
114,13552,86326.5441964,white,BERKSHIRE G,BERKSHIRE G,BERKSHIRE G,Gwinnett,933,434
115,1351,77447.9999908,white,HARBINS A,HARBINS A,HARBINS A,Gwinnett,1863,1108
116,135151,77448.0000003,white,HARBINS C,HARBINS C,HARBINS C,Gwinnett,1027,306
117,067WL01,136873.844336,white,WILLEO 01,WILLEO 01,WILLEO 01,Cobb,1509,552
118,121AP03,57454.0000093,,AP03,AP03,AP03,Fulton,87,248
119,121RW05,58003.9855617,,RW05,RW05,RW05,Fulton,492,655
120,121AP021,110781.941078,white,AP021,AP021,AP021,Fulton,1073,569
121,121RW06,93606.2385029,white,RW06,RW06,RW06,Fulton,1095,696
122,121RW13,103843.601204,white,RW13,RW13,RW13,Fulton,1514,756
123,121AP01D,81158.1907624,white,AP01D,AP01D,AP01D,Fulton,369,198
124,121AP02B,61654.999889,,AP02B,AP02B,AP02B,Fulton,198,91
125,121AP022,61655.0002753,,AP022,AP022,AP022,Fulton,698,470
126,121AP01B,84909.9999854,,AP01B,AP01B,AP01B,Fulton,190,194
127,063RD01,59697.5995614,black,RIVERDALE 1,RIVERDALE 1,RIVERDALE 1,Clayton,108,1408
128,063RD03,48284.7791155,black,RIVERDALE 3,RIVERDALE 3,RIVERDALE 3,Clayton,91,1849
129,063OAK4,50172.3189563,black,OAK 4,OAK 4,OAK 4,Clayton,54,1659
130,063OAK2,46756.5878746,black,OAK 2,OAK 2,OAK 2,Clayton,39,628
131,063RD10,31847.5402106,black,RIVERDALE 10,RIVERDALE 10,RIVERDALE 10,Clayton,27,1263
132,063OAK3,34426.8627647,black,OAK 3,OAK 3,OAK 3,Clayton,52,1935
133,121CP06,57248.9999336,white,CP06,CP06,CP06,Fulton,3,213
134,121CP05B,35056.3167721,black,CP05B,CP05B,CP05B,Fulton,2,59
135,121RW08,104907.832885,white,RW08,RW08,RW08,Fulton,1056,384
136,121RW18,152029.727253,white,RW18,RW18,RW18,Fulton,1128,418
137,121RW16,110849.313211,white,RW16,RW16,RW16,Fulton,846,374
138,089DI,159717.823872,white,DUNWOODY LIBRARY (DUN),DUNWOODY LIBRARY,DUNWOODY LIBRARY (DUN),DeKalb,1383,506
139,089AD,157989.300633,white,AUSTIN (DUN),AUSTIN,AUSTIN (DUN),DeKalb,1403,489
140,121SS15B,72017.9998374,,SS15B,SS15B,SS15B,Fulton,354,595
141,121SS17,46878.6732202,white,SS17,SS17,SS17,Fulton,1373,820
142,063OAK1,40769.3914333,black,OAK 1,OAK 1,OAK 1,Clayton,25,1119
143,121CP02,79794.9668548,,CP02,CP02,CP02,Fulton,96,463
144,121CP01B,79794.9992581,,CP01B,CP01B,CP01B,Fulton,82,193
145,067VG01,88765.7888437,white,VININGS 01,VININGS 01,VININGS 01,Cobb,603,500
146,12109F,92955.4619794,white,09F,09F,09F,Fulton,1211,917
147,12108N2,221381.421359,white,08N2,08N2,08N2,Fulton,423,263
148,12108N1,221299.000193,white,08N1,08N1,08N1,Fulton,450,131
149,12108F1,226070.090638,white,08F1,08F1,08F1,Fulton,1249,346
150,12108A,263565.203108,white,08A,08A,08A,Fulton,1162,532
151,12108D,255725.654679,white,08D,08D,08D,Fulton,655,302
152,067CA01,67115.7864348,,CHATTAHOOCHEE 01,CHATTAHOOCHEE 01,CHATTAHOOCHEE 01,Cobb,881,1995
153,067TM01,62734.6678864,,TERRELL MILL 01,TERRELL MILL 01,TERRELL MILL 01,Cobb,1011,1849
154,067SO02,109556.046759,white,SOPE CREEK 02,SOPE CREEK 02,SOPE CREEK 02,Cobb,1847,1015
155,067SO03,166386.08086,white,SOPE CREEK 03,SOPE CREEK 03,SOPE CREEK 03,Cobb,1397,469
156,121SS16,58034.0000791,,SS16,SS16,SS16,Fulton,1165,391
157,121AP09A,105645.403973,white,AP09A,AP09A,AP09A,Fulton,1652,978
158,135121,112622.830828,white,PINCKNEYVILLE X,PINCKNEYVILLE X,PINCKNEYVILLE X,Gwinnett,1155,790
159,13540,88833.7062525,,PINCKNEYVILLE H,PINCKNEYVILLE H,PINCKNEYVILLE H,Gwinnett,1306,1004
160,121JC12,170409.619398,white,JC12,JC12,JC12,Fulton,1248,402
161,13599,63661.8072709,,PINCKNEYVILLE T,PINCKNEYVILLE T,PINCKNEYVILLE T,Gwinnett,748,734
162,121SS15A,44353.0003431,black,SS15A,SS15A,SS15A,Fulton,188,821
163,067RW01,135308.349366,white,ROSWELL 01,ROSWELL 01,ROSWELL 01,Cobb,1473,622
164,121RW02,142982.961069,white,RW02,RW02,RW02,Fulton,1655,842
165,121RW10,121373.989042,white,RW10,RW10,RW10,Fulton,1598,633
166,121RW15,166033.558256,white,RW15,RW15,RW15,Fulton,1599,540
167,121RW01,108603.189828,white,RW01,RW01,RW01,Fulton,2228,877
168,121RW03,71633.4028417,,RW03,RW03,RW03,Fulton,1171,1091
169,135155,120739.198901,white,SUWANEE G,SUWANEE G,SUWANEE G,Gwinnett,1246,724
170,135140,145658.999772,white,SUWANEE H,SUWANEE H,SUWANEE H,Gwinnett,1713,489
171,13517,59083.7728671,,MARTINS A,MARTINS A,MARTINS A,Gwinnett,358,1085
172,13577,67035.1992435,,GOODWINS C,GOODWINS C,GOODWINS C,Gwinnett,1188,1295
173,13597,83664.9144076,,GOODWINS E,GOODWINS E,GOODWINS E,Gwinnett,1700,1127
174,067LM02,132393.217757,white,LOST MOUNTAIN 02,LOST MOUNTAIN 02,LOST MOUNTAIN 02,Cobb,2322,501
175,067FR01,140268.115179,white,FORD 01,FORD 01,FORD 01,Cobb,1640,400
176,067DU01,122343.99999,white,DURHAM 01,DURHAM 01,DURHAM 01,Cobb,2187,534
177,067KP03,123383.605978,white,KEMP 03,KEMP 03,KEMP 03,Cobb,1128,248
178,067FY01,121066.425676,white,FREY 01,FREY 01,FREY 01,Cobb,1139,388
179,067LM04,130492.169301,white,LOST MOUNTAIN 04,LOST MOUNTAIN 04,LOST MOUNTAIN 04,Cobb,1308,392
180,067MS01,105760.970971,white,MARS HILL 01,MARS HILL 01,MARS HILL 01,Cobb,1567,363
181,067LW01,99747.7968572,white,LEWIS 01,LEWIS 01,LEWIS 01,Cobb,735,293
182,135131,145658.999952,white,SUWANEE E,SUWANEE E,SUWANEE E,Gwinnett,1745,631
183,1354,100037.072778,white,SUWANEE A,SUWANEE A,SUWANEE A,Gwinnett,529,356
184,13598,86616.2120716,white,GOODWINS F,GOODWINS F,GOODWINS F,Gwinnett,981,707
185,135142,108954.871969,,SUWANEE F,SUWANEE F,SUWANEE F,Gwinnett,1291,811
186,135100,108992.821252,,SUWANEE B,SUWANEE B,SUWANEE B,Gwinnett,1523,759
187,13530,70953.6404458,,CATES C,CATES C,CATES C,Gwinnett,752,839
188,13570,102252.99995,white,GOODWINS B,GOODWINS B,GOODWINS B,Gwinnett,1628,713
189,13526,82901.170437,,HOG MOUNTAIN A,HOG MOUNTAIN A,HOG MOUNTAIN A,Gwinnett,1116,1003
190,13531,89986.5605277,white,HOG MOUNTAIN D,HOG MOUNTAIN D,HOG MOUNTAIN D,Gwinnett,1076,444
191,135136,80519.2148583,white,HOG MOUNTAIN C,HOG MOUNTAIN C,HOG MOUNTAIN C,Gwinnett,1493,716
192,13567,80968.0378222,white,PUCKETTS E,PUCKETTS E,PUCKETTS E,Gwinnett,1400,963
193,13571,80776.9390566,,LAWRENCEVILLE F,LAWRENCEVILLE F,LAWRENCEVILLE F,Gwinnett,657,1472
194,135144,70796.5579162,,LAWRENCEVILLE M,LAWRENCEVILLE M,LAWRENCEVILLE M,Gwinnett,720,1837
195,13527,86588.316059,white,HOG MOUNTAIN B,HOG MOUNTAIN B,HOG MOUNTAIN B,Gwinnett,1779,846
196,067FP01,130850.90241,white,FULLERS PARK 01,FULLERS PARK 01,FULLERS PARK 01,Cobb,1588,733
197,067SM01,125454.990659,white,SEWELL MILL 01,SEWELL MILL 01,SEWELL MILL 01,Cobb,1537,671
198,067MD01,126857.326326,white,MURDOCK 01,MURDOCK 01,MURDOCK 01,Cobb,1928,789
199,067MT04,209538.999635,white,MT BETHEL 04,MT BETHEL 04,MT BETHEL 04,Cobb,1573,564
200,067EA01,122972.150886,white,EASTSIDE 01,EASTSIDE 01,EASTSIDE 01,Cobb,1504,556
201,067DO01,135135.423006,white,DODGEN 01,DODGEN 01,DODGEN 01,Cobb,1083,379
202,067CR01,126045.486549,white,CHESTNUT RIDGE 01,CHESTNUT RIDGE 01,CHESTNUT RIDGE 01,Cobb,1715,540
203,067RW02,153556.991168,white,ROSWELL 02,ROSWELL 02,ROSWELL 02,Cobb,1812,756
204,067WG02,84696.1926927,white,WADE GREEN 02,WADE GREEN 02,WADE GREEN 02,Cobb,735,615
205,067BG02,101215.728602,white,BIG SHANTY 02,BIG SHANTY 02,BIG SHANTY 02,Cobb,1307,642
206,067PT01,111668.999885,white,PITNER 01,PITNER 01,PITNER 01,Cobb,823,365
207,067CK01,57427.9083144,white,CHALKER 01,CHALKER 01,CHALKER 01,Cobb,1160,976
208,067PR01,87389.9386063,white,PALMER 01,PALMER 01,PALMER 01,Cobb,1149,524
209,067BF03,77375.5927994,white,BELLS FERRY 03,BELLS FERRY 03,BELLS FERRY 03,Cobb,2326,1123
210,12103E,19653.4983947,black,03E,03E,03E,Fulton,21,1004
211,12103L,60667.9997259,black,03L,03L,03L,Fulton,6,275
212,12103M,57334.3119909,white,03M,03M,03M,Fulton,114,300
213,12103N,29787.4994217,black,03N,03N,03N,Fulton,29,1004
214,12109G2,67895.0000883,white,09G2,09G2,09G2,Fulton,533,919
215,12108M,135365.035419,white,08M,08M,08M,Fulton,810,249
216,12107J,125829.486437,white,07J,07J,07J,Fulton,846,854
217,12107H,129059.000016,white,07H,07H,07H,Fulton,766,572
218,12108G,118764.009889,white,08G,08G,08G,Fulton,815,701
219,12108C,256389.389374,white,08C,08C,08C,Fulton,822,193
220,12108B,245507.920083,white,08B,08B,08B,Fulton,1595,643
221,067MT01,157721.753009,white,MT BETHEL 01,MT BETHEL 01,MT BETHEL 01,Cobb,2163,748
222,121SS18B,90477.0004194,white,SS18B,SS18B,SS18B,Fulton,115,60
223,067TR01,157506.254459,white,TIMBER RIDGE 01,TIMBER RIDGE 01,TIMBER RIDGE 01,Cobb,1309,516
224,121SS02A,90477.0,white,SS02A,SS02A,SS02A,Fulton,431,356
225,121SS19B,77423.006892,white,SS19B,SS19B,SS19B,Fulton,480,724
226,121SS19A,66247.9391108,,SS19A,SS19A,SS19A,Fulton,489,1093
227,121SS29B,103129.0,,SS29B,SS29B,SS29B,Fulton,3,2
228,121SS26,57995.7841135,,SS26,SS26,SS26,Fulton,371,1396
229,121SS20,68393.6845785,,SS20,SS20,SS20,Fulton,462,626
230,121SS22,52899.405147,,SS22,SS22,SS22,Fulton,804,794
231,121RW11A,92566.1771281,white,RW11A,RW11A,RW11A,Fulton,979,662
232,121RW19,187821.165651,white,RW19,RW19,RW19,Fulton,982,378
233,121ML012,177525.000024,white,ML012,ML012,ML012,Fulton,195,38
234,121ML01B,178143.432728,white,ML01B,ML01B,ML01B,Fulton,68,19
235,121AP04A,138431.719885,white,AP04A,AP04A,AP04A,Fulton,815,252
236,121ML011,177524.999989,white,ML011,ML011,ML011,Fulton,865,312
237,121AP04B,177524.999495,white,AP04B,AP04B,AP04B,Fulton,164,54
238,12105A2,74509.8315883,white,05A2,05A2,05A2,Fulton,209,1361
239,12103G,15389.0001477,black,03G,03G,03G,Fulton,4,217
240,12103T,44311.8871663,black,03T,03T,03T,Fulton,37,843
241,12103P2,21209.0,black,03P2,03P2,03P2,Fulton,3,95
242,121AP06,111870.317795,white,AP06,AP06,AP06,Fulton,859,275
243,121AP07B,138287.349975,white,AP07B,AP07B,AP07B,Fulton,672,245
244,121AP10,169333.999407,white,AP10,AP10,AP10,Fulton,495,163
245,121AP07A,90764.2214155,white,AP07A,AP07A,AP07A,Fulton,1137,762
246,121ML03,190427.0,white,ML03,ML03,ML03,Fulton,1916,434
247,121ML07A,190427.0,white,ML07A,ML07A,ML07A,Fulton,310,86
248,12112B,48162.9999502,black,12B,12B,12B,Fulton,60,1231
249,12112S,37724.9999756,black,12S,12S,12S,Fulton,19,951
250,12101J,30444.8270649,black,01J,01J,01J,Fulton,29,1224
251,12101C1,38173.0765435,black,01C1,01C1,01C1,Fulton,17,561
252,12112A,48162.9996438,black,12A,12A,12A,Fulton,12,450
253,12104B,43957.3952996,black,04B,04B,04B,Fulton,16,838
254,13555,64396.6603751,white,SUGAR HILL D,SUGAR HILL D,SUGAR HILL D,Gwinnett,1201,707
255,135102,79498.6926708,white,PUCKETTS B,PUCKETTS B,PUCKETTS B,Gwinnett,1277,526
256,13524,73604.6428598,,SUGAR HILL A,SUGAR HILL A,SUGAR HILL A,Gwinnett,1148,574
257,12110G,38163.730312,black,10G,10G,10G,Fulton,11,878
258,12111H,44749.0923361,black,11H,11H,11H,Fulton,22,1375
259,12110J,27505.4212903,black,10J,10J,10J,Fulton,2,442
260,12112L,24448.6012747,black,12L,12L,12L,Fulton,5,284
261,12112G,23800.0000513,black,12G,12G,12G,Fulton,19,479
262,12112D,23984.7763757,black,12D,12D,12D,Fulton,10,599
263,135141,111178.852139,white,SUGAR HILL G,SUGAR HILL G,SUGAR HILL G,Gwinnett,1176,428
264,13525,80193.2937559,white,SUGAR HILL B,SUGAR HILL B,SUGAR HILL B,Gwinnett,1615,849
265,13589,88062.5945048,white,SUGAR HILL E,SUGAR HILL E,SUGAR HILL E,Gwinnett,1146,460
266,13554,83876.5297412,white,SUGAR HILL C,SUGAR HILL C,SUGAR HILL C,Gwinnett,1731,663
267,121MP01,175478.0,white,MP01,MP01,MP01,Fulton,164,136
268,135130,111176.408953,white,SUWANEE D,SUWANEE D,SUWANEE D,Gwinnett,1985,658
269,067DC01,132366.422976,white,DICKERSON 01,DICKERSON 01,DICKERSON 01,Cobb,1403,601
270,067SA01,126620.496246,white,SANDY PLAINS 01,SANDY PLAINS 01,SANDY PLAINS 01,Cobb,1117,629
271,067PP01,133844.556198,white,POPE 01,POPE 01,POPE 01,Cobb,1444,632
272,067MB01,151583.999728,white,MABRY 01,MABRY 01,MABRY 01,Cobb,966,287
273,067DV01,107699.0,white,DAVIS 01,DAVIS 01,DAVIS 01,Cobb,941,423
274,067GM01,106741.00026,white,GARRISON MILL 01,GARRISON MILL 01,GARRISON MILL 01,Cobb,1307,585
275,067PO01,138681.999949,white,POST OAK 01,POST OAK 01,POST OAK 01,Cobb,1783,601
276,067HT01,145838.999948,white,HIGHTOWER 01,HIGHTOWER 01,HIGHTOWER 01,Cobb,1599,645
277,067SF01,137689.69657,white,SHALLOWFORD FALLS 01,SHALLOWFORD FALLS 01,SHALLOWFORD FALLS 01,Cobb,1616,694
278,121SS13B,170781.917706,white,SS13B,SS13B,SS13B,Fulton,186,141
279,121SS11D,92761.0000254,,SS11D,SS11D,SS11D,Fulton,134,100
280,121SS11B,92760.9877163,,SS11B,SS11B,SS11B,Fulton,288,376
281,121SS06,69192.9977567,white,SS06,SS06,SS06,Fulton,683,257
282,121SS05,58602.0054561,,SS05,SS05,SS05,Fulton,861,443
283,121SS18A,71783.7353125,,SS18A,SS18A,SS18A,Fulton,314,141
284,121SS31,69229.1196899,white,SS31,SS31,SS31,Fulton,422,281
285,121SS03,69193.0003403,white,SS03,SS03,SS03,Fulton,516,374
286,121SS13A,94140.0,white,SS13A,SS13A,SS13A,Fulton,661,568
287,121SS11A,98018.5278361,white,SS11A,SS11A,SS11A,Fulton,958,933
288,121SS11C,101716.448226,,SS11C,SS11C,SS11C,Fulton,55,182
289,121SS14,162671.225707,white,SS14,SS14,SS14,Fulton,689,258
290,12108J,138801.245249,white,08J,08J,08J,Fulton,1195,605
291,063FP4,48873.5560823,,FOREST PARK 4,FOREST PARK 4,FOREST PARK 4,Clayton,328,621
292,063FP1,37380.0730443,black,FOREST PARK 1,FOREST PARK 1,FOREST PARK 1,Clayton,304,1000
293,121HP01,52696.9730183,,HP01,HP01,HP01,Fulton,588,1069
294,12112E1,22402.7118397,black,12E1,12E1,12E1,Fulton,20,602
295,121AP05,158709.308464,white,AP05,AP05,AP05,Fulton,2114,798
296,121AP09B,115719.401279,white,AP09B,AP09B,AP09B,Fulton,284,199
297,089HF,65928.9603339,,HUNTLEY HILLS ELEM (CHA),HUNTLEY HILLS ELEM,HUNTLEY HILLS ELEM (CHA),DeKalb,471,906
298,089PB,59632.0001897,,PEACHTREE MIDDLE (DUN),PEACHTREE MIDDLE,PEACHTREE MIDDLE (DUN),DeKalb,638,1119
299,089CH,72004.6906385,white,CHESNUT ELEM (DUN),CHESNUT ELEM,CHESNUT ELEM (DUN),DeKalb,506,864
300,067MT03,168311.623111,white,MT BETHEL 03,MT BETHEL 03,MT BETHEL 03,Cobb,1362,588
301,067PE01,54717.0484505,black,PEBBLEBROOK 01,PEBBLEBROOK 01,PEBBLEBROOK 01,Cobb,559,2294
302,067MA02,59046.8462027,,MABLETON 02,MABLETON 02,MABLETON 02,Cobb,555,895
303,067BT02,40853.856121,black,BRYANT 02,BRYANT 02,BRYANT 02,Cobb,114,2500
304,067RS01,46848.0001011,black,RIVERSIDE 01,RIVERSIDE 01,RIVERSIDE 01,Cobb,88,918
305,067AU1A,59962.8220394,black,AUSTELL 1A,AUSTELL 1A,AUSTELL 1A,Cobb,551,1883
306,121UC02B,99633.9108888,black,UC02B,UC02B,UC02B,Fulton,0,5
307,121SC05B,101950.239027,black,SC05B,SC05B,SC05B,Fulton,178,3105
308,121SC08C,48657.023764,black,SC08C,SC08C,SC08C,Fulton,0,88
309,121SC18B,101953.999923,black,SC18B,SC18B,SC18B,Fulton,84,2914
310,067CL01,60280.8508902,black,CLARKDALE 01,CLARKDALE 01,CLARKDALE 01,Cobb,462,532
311,067PS2A,66352.2386892,black,POWDER SPRINGS 2A,POWDER SPRINGS 2A,POWDER SPRINGS 2A,Cobb,339,1278
312,067CO01,64283.2503091,black,COOPER 01,COOPER 01,COOPER 01,Cobb,730,1955
313,067OR02,89559.9998885,,OREGON 02,OREGON 02,OREGON 02,Cobb,638,1275
314,121SC13B,56422.003735,white,SC13B,SC13B,SC13B,Fulton,82,1265
315,121SC05A,58258.2233014,white,SC05A,SC05A,SC05A,Fulton,11,392
316,121SC13A,56422.0002889,white,SC13A,SC13A,SC13A,Fulton,125,3400
317,12109K,31091.9225552,black,09K,09K,09K,Fulton,11,1215
318,12109M,118699.999949,white,09M,09M,09M,Fulton,421,694
319,12109E,42531.6628892,black,09E,09E,09E,Fulton,42,1161
320,12109A,100512.153848,,09A,09A,09A,Fulton,643,1035
321,12103A,27740.6627099,black,03A,03A,03A,Fulton,13,1016
322,12103D,27340.0000291,black,03D,03D,03D,Fulton,3,456
323,12103B,27406.0000852,black,03B,03B,03B,Fulton,1,260
324,067AC1B,56038.6551555,white,ACWORTH 1B,ACWORTH 1B,ACWORTH 1B,Cobb,1537,941
325,067MC01,70161.0019773,,MACLAND 01,MACLAND 01,MACLAND 01,Cobb,773,1415
326,067OR05,115053.218289,white,OREGON 05,OREGON 05,OREGON 05,Cobb,1309,1115
327,067KP02,99899.129528,white,KEMP 02,KEMP 02,KEMP 02,Cobb,1695,811
328,067OR04,67348.9999932,,OREGON 04,OREGON 04,OREGON 04,Cobb,479,1366
329,067DL01,116142.006679,white,DOWELL 01,DOWELL 01,DOWELL 01,Cobb,1316,811
330,067CH03,101431.856003,white,CHEATHAM HILL 03,CHEATHAM HILL 03,CHEATHAM HILL 03,Cobb,1745,912
331,067MA01,76526.1134595,,MABLETON 01,MABLETON 01,MABLETON 01,Cobb,1156,1696
332,067SW02,48164.3079317,black,SWEETWATER 02,SWEETWATER 02,SWEETWATER 02,Cobb,435,1166
333,067BR02,88901.4144031,white,BIRNEY 02,BIRNEY 02,BIRNEY 02,Cobb,1154,1198
334,067BR01,81757.9999983,,BIRNEY 01,BIRNEY 01,BIRNEY 01,Cobb,651,766
335,067MA03,90712.6836194,white,MABLETON 03,MABLETON 03,MABLETON 03,Cobb,959,787
336,067MA04,85874.5923571,white,MABLETON 04,MABLETON 04,MABLETON 04,Cobb,702,353
337,067AC1A,86606.9200046,white,ACWORTH 1A,ACWORTH 1A,ACWORTH 1A,Cobb,1635,1226
338,067ME01,80636.2928891,,MCEACHERN 01,MCEACHERN 01,MCEACHERN 01,Cobb,1017,848
339,067LM01,115676.017844,white,LOST MOUNTAIN 01,LOST MOUNTAIN 01,LOST MOUNTAIN 01,Cobb,1656,541
340,067OR01,113406.000007,white,OREGON 01,OREGON 01,OREGON 01,Cobb,832,324
341,067VA01,133633.008538,white,VAUGHAN 01,VAUGHAN 01,VAUGHAN 01,Cobb,1703,451
342,067PS1A,72507.5992392,,POWDER SPRINGS 1A,POWDER SPRINGS 1A,POWDER SPRINGS 1A,Cobb,1184,1722
343,067PS3A,69734.9063381,,POWDER SPRINGS 3A,POWDER SPRINGS 3A,POWDER SPRINGS 3A,Cobb,697,1195
344,067LM03,127437.776917,white,LOST MOUNTAIN 03,LOST MOUNTAIN 03,LOST MOUNTAIN 03,Cobb,2007,740
345,067SW01,71456.3040366,,SWEETWATER 01,SWEETWATER 01,SWEETWATER 01,Cobb,952,1008
346,067CL02,67228.7038238,black,CLARKDALE 02,CLARKDALE 02,CLARKDALE 02,Cobb,1028,1956
347,067MR3A,59452.946863,,MARIETTA 3A,MARIETTA 3A,MARIETTA 3A,Cobb,1177,1257
348,067HR01,129495.146669,white,HARRISON 01,HARRISON 01,HARRISON 01,Cobb,1477,372
349,067KP01,115967.16253,white,KEMP 01,KEMP 01,KEMP 01,Cobb,1046,309
350,067ML01,98471.0045237,white,MCCLURE 01,MCCLURE 01,MCCLURE 01,Cobb,825,260
351,067NC01,74359.4702,white,NORTH COBB 01,NORTH COBB 01,NORTH COBB 01,Cobb,825,494
352,067SN7B,114849.058097,,SMYRNA 7B,SMYRNA 7B,SMYRNA 7B,Cobb,1996,2105
353,121SC14,42668.9250389,black,SC14,SC14,SC14,Fulton,15,564
354,067HL01,80364.0067912,,HARMONY-LELAND 01,HARMONY-LELAND 01,HARMONY-LELAND 01,Cobb,840,2421
355,067LI01,133845.983744,,LINDLEY 01,LINDLEY 01,LINDLEY 01,Cobb,1134,1743
356,121CP04,36599.8336446,black,CP04,CP04,CP04,Fulton,3,45
357,121CP012,39986.8709058,,CP012,CP012,CP012,Fulton,264,636
358,121EP03,40753.9595325,black,EP03,EP03,EP03,Fulton,49,556
359,121CP011,40399.8685842,,CP011,CP011,CP011,Fulton,80,321
360,121SC19B,47644.2055908,black,SC19B,SC19B,SC19B,Fulton,23,764
361,121EP04,44235.3064161,black,EP04,EP04,EP04,Fulton,185,784
362,121CP051,51275.8443223,black,CP051,CP051,CP051,Fulton,23,930
363,121CP07A,35016.0003381,black,CP07A,CP07A,CP07A,Fulton,7,544
364,12111P,45767.3397957,black,11P,11P,11P,Fulton,11,1052
365,121SC10,41164.0363432,black,SC10,SC10,SC10,Fulton,18,836
366,121CP081,41166.0001052,black,CP081,CP081,CP081,Fulton,2,132
367,121SC17A,48657.006409,black,SC17A,SC17A,SC17A,Fulton,0,44
368,121SC17C,40697.9825237,black,SC17C,SC17C,SC17C,Fulton,21,692
369,121SC19A,39780.2115605,black,SC19A,SC19A,SC19A,Fulton,5,127
370,121SC18A,53108.6451605,black,SC18A,SC18A,SC18A,Fulton,5,299
371,12111E3,50016.1480866,black,11E3,11E3,11E3,Fulton,15,1200
372,12111E1,51445.000011,black,11E1,11E1,11E1,Fulton,21,656
373,12111E2,51445.0,black,11E2,11E2,11E2,Fulton,13,1002
374,121UC02A,58366.7049726,black,UC02A,UC02A,UC02A,Fulton,155,3746
375,121SC08F,48657.0,black,SC08F,SC08F,SC08F,Fulton,16,394
376,121SC01B,87927.9411808,black,SC01B,SC01B,SC01B,Fulton,56,2549
377,121SC02,71485.7392749,black,SC02,SC02,SC02,Fulton,20,1004
378,121SC16,81562.9999511,black,SC16,SC16,SC16,Fulton,47,2719
379,067BT01,48001.3799581,black,BRYANT 01,BRYANT 01,BRYANT 01,Cobb,73,1243
380,12111C,71432.8537365,black,11C,11C,11C,Fulton,24,1656
381,121SC30A,71467.0,black,SC30A,SC30A,SC30A,Fulton,0,93
382,12110A,37740.3164043,black,10A,10A,10A,Fulton,12,1905
383,12110C,29262.0318226,black,10C,10C,10C,Fulton,5,1430
384,12111N,50322.0366046,black,11N,11N,11N,Fulton,22,1486
385,12111M,52641.9999697,black,11M,11M,11M,Fulton,16,1694
386,121SC30B,61707.4505136,black,SC30B,SC30B,SC30B,Fulton,6,797
387,12110L,72578.9996085,black,10L,10L,10L,Fulton,27,2042
388,12110R,27503.9998312,black,10R,10R,10R,Fulton,3,427
389,12110H,31296.7654716,black,10H,10H,10H,Fulton,19,1370
390,12111B,65759.240361,black,11B,11B,11B,Fulton,46,3068
391,12110D,26177.6079698,black,10D,10D,10D,Fulton,16,2315
392,12110E,33518.5280698,black,10E,10E,10E,Fulton,3,613
393,12110P,32046.999984,black,10P,10P,10P,Fulton,3,786
394,12109C,40447.9996988,black,09C,09C,09C,Fulton,25,1736
395,12109B,35970.8214809,black,09B,09B,09B,Fulton,1,237
396,12109L,40094.0606534,black,09L,09L,09L,Fulton,26,1008
397,12111R,21537.9448448,black,11R,11R,11R,Fulton,1,898
398,12111K,42006.4885368,black,11K,11K,11K,Fulton,31,1176
399,12111G,25664.1565825,black,11G,11G,11G,Fulton,16,1411
400,12112C,41225.9998394,black,12C,12C,12C,Fulton,33,777
401,12104S,46545.999876,black,04S,04S,04S,Fulton,14,1240
402,12104X1,35759.0200937,black,04X1,04X1,04X1,Fulton,9,1047
403,12104M,21568.0,black,04M,04M,04M,Fulton,3,352
404,12104T,35386.0,black,04T,04T,04T,Fulton,4,608
405,12110M,36298.822261,black,10M,10M,10M,Fulton,20,1341
406,12104X2,35959.1343464,black,04X2,04X2,04X2,Fulton,6,314
407,12104L,36129.9999521,black,04L,04L,04L,Fulton,22,705
408,12104D,35651.9999567,black,04D,04D,04D,Fulton,9,782
409,12104G,36778.0,black,04G,04G,04G,Fulton,3,353
410,12104A,30341.9999945,black,04A,04A,04A,Fulton,10,579
411,12104K,35074.0841761,black,04K,04K,04K,Fulton,22,1163
412,12104W,38930.9239721,black,04W,04W,04W,Fulton,2,813
413,12110F,40447.8169444,black,10F,10F,10F,Fulton,14,673
414,12103S,35997.0000039,black,03S,03S,03S,Fulton,1,374
415,12109D,26088.6688216,black,09D,09D,09D,Fulton,8,1039
416,12103C,39291.3838513,black,03C,03C,03C,Fulton,5,866
417,12103H,35997.0000251,black,03H,03H,03H,Fulton,5,490
418,067OR03,56990.6482891,,OREGON 03,OREGON 03,OREGON 03,Cobb,673,1106
419,067MR2A,89297.6799139,white,MARIETTA 2A,MARIETTA 2A,MARIETTA 2A,Cobb,1155,723
420,067NP01,78399.9406555,,NORTON PARK 01,NORTON PARK 01,NORTON PARK 01,Cobb,1178,1156
421,067FO01,59273.0004728,,FAIR OAKS 01,FAIR OAKS 01,FAIR OAKS 01,Cobb,660,1530
422,067LA01,135333.297273,white,LASSITER 01,LASSITER 01,LASSITER 01,Cobb,1778,573
423,067KL01,90600.0000324,white,KELL 01,KELL 01,KELL 01,Cobb,946,408
424,067RM01,107844.870771,white,ROCKY MOUNT 01,ROCKY MOUNT 01,ROCKY MOUNT 01,Cobb,1604,644
425,067EA02,103993.958473,white,EASTSIDE 02,EASTSIDE 02,EASTSIDE 02,Cobb,2017,859
426,067SO01,128431.999861,white,SOPE CREEK 01,SOPE CREEK 01,SOPE CREEK 01,Cobb,1142,468
427,067FO02,52712.4392107,,FAIR OAKS 02,FAIR OAKS 02,FAIR OAKS 02,Cobb,686,1497
428,067FO04,44912.2795331,,FAIR OAKS 04,FAIR OAKS 04,FAIR OAKS 04,Cobb,487,638
429,067MR2B,65711.1799342,,MARIETTA 2B,MARIETTA 2B,MARIETTA 2B,Cobb,1266,1624
430,067BF02,88512.9901919,white,BELLS FERRY 02,BELLS FERRY 02,BELLS FERRY 02,Cobb,1172,741
431,067BW01,92280.8493667,white,BLACKWELL 01,BLACKWELL 01,BLACKWELL 01,Cobb,939,558
432,067GT01,86430.0564448,white,GRITTERS 01,GRITTERS 01,GRITTERS 01,Cobb,950,496
433,067MK01,102494.999956,white,MCCLESKEY 01,MCCLESKEY 01,MCCLESKEY 01,Cobb,867,372
434,067NS01,98730.8242133,white,NICHOLSON 01,NICHOLSON 01,NICHOLSON 01,Cobb,1051,543
435,067AD01,96407.00754,white,ADDISON 01,ADDISON 01,ADDISON 01,Cobb,971,500
436,067SI01,123586.000049,white,SIMPSON 01,SIMPSON 01,SIMPSON 01,Cobb,924,383
437,067MR6A,58686.2957434,white,MARIETTA 6A,MARIETTA 6A,MARIETTA 6A,Cobb,272,874
438,067MR5B,71131.401242,white,MARIETTA 5B,MARIETTA 5B,MARIETTA 5B,Cobb,304,750
439,067HY01,93193.9643763,white,HAYES 01,HAYES 01,HAYES 01,Cobb,1949,646
440,067PM02,86939.8596807,white,PINE MOUNTAIN 02,PINE MOUNTAIN 02,PINE MOUNTAIN 02,Cobb,1641,307
441,067CH02,96504.704698,white,CHEATHAM HILL 02,CHEATHAM HILL 02,CHEATHAM HILL 02,Cobb,1476,530
442,067PF01,72146.5837328,white,POWERS FERRY 01,POWERS FERRY 01,POWERS FERRY 01,Cobb,1367,811
443,12108E,269010.312053,white,08E,08E,08E,Fulton,1301,545
444,067VG04,126661.805272,white,VININGS 04,VININGS 04,VININGS 04,Cobb,1567,738
445,067MR7A,45574.9659184,,MARIETTA 7A,MARIETTA 7A,MARIETTA 7A,Cobb,313,1266
446,067FO05,40611.7386728,,FAIR OAKS 05,FAIR OAKS 05,FAIR OAKS 05,Cobb,306,477
447,067MR1A,44243.5740626,,MARIETTA 1A,MARIETTA 1A,MARIETTA 1A,Cobb,396,1191
448,067DI01,48433.5654379,,DOBBINS 01,DOBBINS 01,DOBBINS 01,Cobb,357,1508
449,067SN5A,49751.0936112,,SMYRNA 5A,SMYRNA 5A,SMYRNA 5A,Cobb,749,1215
450,067SN3A,57525.2561464,,SMYRNA 3A,SMYRNA 3A,SMYRNA 3A,Cobb,849,1207
451,067MR4C,74968.78785,white,MARIETTA 4C,MARIETTA 4C,MARIETTA 4C,Cobb,1465,618
452,067KE3A,75715.0304655,white,KENNESAW 3A,KENNESAW 3A,KENNESAW 3A,Cobb,475,358
453,067MR4A,83951.0,white,MARIETTA 4A,MARIETTA 4A,MARIETTA 4A,Cobb,1244,321
454,067MR5A,54417.3046791,,MARIETTA 5A,MARIETTA 5A,MARIETTA 5A,Cobb,299,766
455,067SN7A,99052.1272221,white,SMYRNA 7A,SMYRNA 7A,SMYRNA 7A,Cobb,1406,774
456,067SN4A,88558.9035795,white,SMYRNA 4A,SMYRNA 4A,SMYRNA 4A,Cobb,1347,1325
457,067EP01,64825.2446372,white,EAST PIEDMONT 01,EAST PIEDMONT 01,EAST PIEDMONT 01,Cobb,772,640
458,067KE1A,77015.5050269,white,KENNESAW 1A,KENNESAW 1A,KENNESAW 1A,Cobb,640,435
459,067BG01,69130.7263802,white,BIG SHANTY 01,BIG SHANTY 01,BIG SHANTY 01,Cobb,961,522
460,067MR4B,65071.6983488,white,MARIETTA 4B,MARIETTA 4B,MARIETTA 4B,Cobb,802,702
461,067EL01,68561.6172113,white,ELIZABETH 01,ELIZABETH 01,ELIZABETH 01,Cobb,787,913
462,067PM01,114203.499666,white,PINE MOUNTAIN 01,PINE MOUNTAIN 01,PINE MOUNTAIN 01,Cobb,1624,388
463,067KE2A,85698.9271015,white,KENNESAW 2A,KENNESAW 2A,KENNESAW 2A,Cobb,944,1360
464,067MS02,98446.0335185,white,MARS HILL 02,MARS HILL 02,MARS HILL 02,Cobb,1014,587
465,067AC1C,79031.1637163,white,ACWORTH 1C,ACWORTH 1C,ACWORTH 1C,Cobb,1218,1300
466,067KE4A,77266.2969222,white,KENNESAW 4A,KENNESAW 4A,KENNESAW 4A,Cobb,842,602
467,067KE5A,79632.8809973,white,KENNESAW 5A,KENNESAW 5A,KENNESAW 5A,Cobb,1336,705
468,067BK01,83133.409111,white,BAKER 01,BAKER 01,BAKER 01,Cobb,1379,1133
469,067OK01,114410.028123,white,OAKDALE 01,OAKDALE 01,OAKDALE 01,Cobb,1309,989
470,067NJ01,96528.8662411,white,NICKAJACK 01,NICKAJACK 01,NICKAJACK 01,Cobb,952,1504
471,067SN6A,117261.09756,white,SMYRNA 6A,SMYRNA 6A,SMYRNA 6A,Cobb,1697,1607
472,067VG03,101153.096721,white,VININGS 03,VININGS 03,VININGS 03,Cobb,1255,1282
473,067VG02,85128.5831797,,VININGS 02,VININGS 02,VININGS 02,Cobb,1444,1820
474,067SN2A,63168.5304485,,SMYRNA 2A,SMYRNA 2A,SMYRNA 2A,Cobb,598,901
475,067SN1A,62805.5286894,,SMYRNA 1A,SMYRNA 1A,SMYRNA 1A,Cobb,629,1433
476,067MR6B,84439.8843064,white,MARIETTA 6B,MARIETTA 6B,MARIETTA 6B,Cobb,1092,719
477,067EL02,71124.8854385,white,ELIZABETH 02,ELIZABETH 02,ELIZABETH 02,Cobb,936,492
478,067EL04,69450.4283272,white,ELIZABETH 04,ELIZABETH 04,ELIZABETH 04,Cobb,760,785
479,067SM03,77698.3457055,white,SEWELL MILL 03,SEWELL MILL 03,SEWELL MILL 03,Cobb,1352,1211
480,067EL03,100849.673996,white,ELIZABETH 03,ELIZABETH 03,ELIZABETH 03,Cobb,935,422
481,067EL05,107569.000056,white,ELIZABETH 05,ELIZABETH 05,ELIZABETH 05,Cobb,1203,735
482,089SM,67964.3714773,black,SALEM MIDDLE,SALEM MIDDLE,SALEM MIDDLE,DeKalb,56,2217
483,089CC,37708.5424923,black,COLUMBIA ELEM,COLUMBIA ELEM,COLUMBIA ELEM,DeKalb,13,835
484,089FL,53082.3465227,black,FLAT SHOALS LIBRARY,FLAT SHOALS LIBRARY,FLAT SHOALS LIBRARY,DeKalb,27,1404
485,089CM,48321.456227,black,COLUMBIA MIDDLE,COLUMBIA MIDDLE,COLUMBIA MIDDLE,DeKalb,19,1078
486,089TC,31018.0001088,black,TONEY ELEM,TONEY ELEM,TONEY ELEM,DeKalb,19,1013
487,089SG,49201.5433753,black,SNAPFINGER ELEM,SNAPFINGER ELEM,SNAPFINGER ELEM,DeKalb,32,1223
488,13566,43949.9557506,hispanic,PINCKNEYVILLE O,PINCKNEYVILLE O,PINCKNEYVILLE O,Gwinnett,382,1134
489,13538,48601.4434474,hispanic,PINCKNEYVILLE F,PINCKNEYVILLE F,PINCKNEYVILLE F,Gwinnett,293,523
490,13559,46957.0349528,,PINCKNEYVILLE N,PINCKNEYVILLE N,PINCKNEYVILLE N,Gwinnett,318,1404
491,089NC,60236.9999293,black,NORTH HAIRSTON,NORTH HAIRSTON,NORTH HAIRSTON,DeKalb,161,1097
492,089BF,58317.6675457,,BROCKETT ELEM (TUC),BROCKETT ELEM,BROCKETT ELEM (TUC),DeKalb,506,772
493,13584,80120.3323567,,LAWRENCEVILLE G,LAWRENCEVILLE G,LAWRENCEVILLE G,Gwinnett,497,979
494,135150,33750.9787657,,DULUTH K,DULUTH K,DULUTH K,Gwinnett,231,775
495,13548,72921.5412114,,DULUTH B,DULUTH B,DULUTH B,Gwinnett,1142,688
496,13596,110492.900219,,DULUTH G,DULUTH G,DULUTH G,Gwinnett,1087,582
497,13572,44527.0956843,,MARTINS E,MARTINS E,MARTINS E,Gwinnett,298,2171
498,13595,80415.67377,,DULUTH F,DULUTH F,DULUTH F,Gwinnett,543,1515
499,135138,104633.557229,,DULUTH I,DULUTH I,DULUTH I,Gwinnett,1648,657
500,121JC01,145436.99994,,JC01,JC01,JC01,Fulton,1612,1170
501,1357,98014.0090971,white,DULUTH A,DULUTH A,DULUTH A,Gwinnett,1573,1068
502,089MN,41417.7465845,black,MEMORIAL SOUTH,MEMORIAL SOUTH,MEMORIAL SOUTH,DeKalb,78,833
503,089MM,43097.1164635,black,MEMORIAL NORTH,MEMORIAL NORTH,MEMORIAL NORTH,DeKalb,189,1408
504,089WB,56502.0,black,WESLEY CHAPEL LIBRARY,WESLEY CHAPEL LIBRARY,WESLEY CHAPEL LIBRARY,DeKalb,42,2032
505,089MF,65251.9999564,black,MCWILLIAMS,MCWILLIAMS,MCWILLIAMS,DeKalb,18,1317
506,089BM,53747.6837004,black,BETHUNE MIDDLE,BETHUNE MIDDLE,BETHUNE MIDDLE,DeKalb,56,2544
507,089SD,71286.1437994,black,STONE MOUNTAIN ELEM,STONE MOUNTAIN ELEM,STONE MOUNTAIN ELEM,DeKalb,465,1033
508,089WN,73882.004222,black,WYNBROOKE ELEM,WYNBROOKE ELEM,WYNBROOKE ELEM,DeKalb,129,2052
509,089ST,77019.3781422,black,STEPHENSON MIDDLE,STEPHENSON MIDDLE,STEPHENSON MIDDLE,DeKalb,117,2131
510,089SO,76661.6416358,black,SOUTH DESHON,SOUTH DESHON,SOUTH DESHON,DeKalb,53,2004
511,13564,68808.0899946,black,GARNERS D,GARNERS D,GARNERS D,Gwinnett,606,1295
512,089VB,47316.0002603,,VALLEY BROOK,VALLEY BROOK,VALLEY BROOK,DeKalb,172,348
513,089SC,53268.7732685,black,SHAW-ROBERT SHAW ELEM,SHAW-ROBERT SHAW ELEM,SHAW-ROBERT SHAW ELEM,DeKalb,341,1682
514,089RG,35326.7998836,black,ROWLAND ELEM,ROWLAND ELEM,ROWLAND ELEM,DeKalb,93,1678
515,089DE,58731.7910895,black,DUNAIRE ELEM,DUNAIRE ELEM,DUNAIRE ELEM,DeKalb,161,1033
516,089AA,63471.9998234,black,ALLGOOD ELEM,ALLGOOD ELEM,ALLGOOD ELEM,DeKalb,180,1628
517,089IB,37167.245448,black,INDIAN CREEK ELEM,INDIAN CREEK ELEM,INDIAN CREEK ELEM,DeKalb,130,874
518,089CK,37306.7694379,black,CLARKSTON (CLA),CLARKSTON,CLARKSTON (CLA),DeKalb,189,1357
519,13510,93438.5673772,white,CATES A,CATES A,CATES A,Gwinnett,1033,472
520,13581,70051.9971414,,CATES L,CATES L,CATES L,Gwinnett,1248,1110
521,135156,80793.2614533,,BAYCREEK J,BAYCREEK J,BAYCREEK J,Gwinnett,1137,1287
522,13541,78720.2706164,,BAYCREEK B,BAYCREEK B,BAYCREEK B,Gwinnett,1272,1645
523,135134,76728.0000797,white,BAYCREEK F,BAYCREEK F,BAYCREEK F,Gwinnett,1065,1128
524,13594,101025.320875,white,CATES N,CATES N,CATES N,Gwinnett,1339,364
525,1355,89086.6851566,white,BAYCREEK A,BAYCREEK A,BAYCREEK A,Gwinnett,1213,648
526,13586,48606.0125066,,MARTINS F,MARTINS F,MARTINS F,Gwinnett,340,885
527,13534,58238.2312173,,BERKSHIRE F,BERKSHIRE F,BERKSHIRE F,Gwinnett,450,514
528,135119,82742.4891836,white,BERKSHIRE O,BERKSHIRE O,BERKSHIRE O,Gwinnett,1173,515
529,13519,59659.7987336,,MARTINS C,MARTINS C,MARTINS C,Gwinnett,700,643
530,13543,52116.1756184,,MARTINS D,MARTINS D,MARTINS D,Gwinnett,203,769
531,135116,62145.012094,,MARTINS I,MARTINS I,MARTINS I,Gwinnett,500,1166
532,135117,47118.6057567,,MARTINS J,MARTINS J,MARTINS J,Gwinnett,368,1415
533,13588,56859.2083175,black,ROCKBRIDGE E,ROCKBRIDGE E,ROCKBRIDGE E,Gwinnett,715,1592
534,121SS12,124374.241597,white,SS12,SS12,SS12,Fulton,1096,592
535,121SS07C,108524.999954,white,SS07C,SS07C,SS07C,Fulton,260,164
536,121SS07B,108524.999331,white,SS07B,SS07B,SS07B,Fulton,178,92
537,121SS07A,84328.9999613,white,SS07A,SS07A,SS07A,Fulton,426,162
538,121SS08B,108524.991486,white,SS08B,SS08B,SS08B,Fulton,304,151
539,121SS02B,90477.0,white,SS02B,SS02B,SS02B,Fulton,281,432
540,121SS08C,84329.0001405,white,SS08C,SS08C,SS08C,Fulton,171,173
541,121SS04,74517.0043037,,SS04,SS04,SS04,Fulton,680,856
542,121SS08A,108525.000018,white,SS08A,SS08A,SS08A,Fulton,523,609
543,121SS29A,103129.00006,,SS29A,SS29A,SS29A,Fulton,859,758
544,089LC,91469.3933821,,LAVISTA,LAVISTA,LAVISTA,DeKalb,586,873
545,12106J,45081.057745,,06J,06J,06J,Fulton,508,1139
546,12106E,72178.7174635,white,06E,06E,06E,Fulton,320,906
547,12106S,59200.5701212,white,06S,06S,06S,Fulton,778,1498
548,12106H,59582.2674532,white,06H,06H,06H,Fulton,453,736
549,12106D,71373.3689554,white,06D,06D,06D,Fulton,497,1174
550,089MB,66331.6333265,black,MCNAIR HIGH,MCNAIR HIGH,MCNAIR HIGH,DeKalb,156,1947
551,089LH,55563.9999656,black,LITHONIA HIGH,LITHONIA HIGH,LITHONIA HIGH,DeKalb,22,1779
552,089RH,49647.55742,black,REDAN-TROTTI LIBRARY,REDAN-TROTTI LIBRARY,REDAN-TROTTI LIBRARY,DeKalb,41,2206
553,089LD,48247.0,black,LITHONIA (LIT),LITHONIA,LITHONIA (LIT),DeKalb,48,679
554,089SL,43697.5894288,black,STONEVIEW ELEM,STONEVIEW ELEM,STONEVIEW ELEM,DeKalb,61,863
555,089PC,72649.0000008,black,PRINCETON ELEM,PRINCETON ELEM,PRINCETON ELEM,DeKalb,61,1315
556,089RC,72655.0937844,black,REDAN ELEM,REDAN ELEM,REDAN ELEM,DeKalb,45,1768
557,089SV,72877.0000043,black,STEPHENSON HIGH,STEPHENSON HIGH,STEPHENSON HIGH,DeKalb,123,2043
558,12108L,87289.0007578,white,08L,08L,08L,Fulton,989,1227
559,12102W,87766.0,white,02W,02W,02W,Fulton,227,709
560,12102A,46303.0001382,white,02A,02A,02A,Fulton,90,894
561,12106R,37734.6990054,hispanic,06R,06R,06R,Fulton,318,666
562,12106L2,87766.0000903,white,06L2,06L2,06L2,Fulton,205,274
563,12102S,57249.8912256,,02S,02S,02S,Fulton,117,1380
564,12102B,57686.6943556,,02B,02B,02B,Fulton,189,966
565,12105C,34376.6748439,black,05C,05C,05C,Fulton,2,66
566,12102L2,100864.999874,white,02L2,02L2,02L2,Fulton,150,264
567,12102C,29512.0016958,white,02C,02C,02C,Fulton,152,879
568,12102L1,45188.9725985,hispanic,02L1,02L1,02L1,Fulton,752,1971
569,12108P,67895.2872147,white,08P,08P,08P,Fulton,331,809
570,12108K,138803.068553,white,08K,08K,08K,Fulton,273,158
571,089FA,48858.0000259,black,FAIRINGTON ELEM,FAIRINGTON ELEM,FAIRINGTON ELEM,DeKalb,39,2552
572,089PI,65558.0327844,black,PANOLA WAY ELEM,PANOLA WAY ELEM,PANOLA WAY ELEM,DeKalb,27,1069
573,089RM,50272.9792647,black,REDAN MIDDLE,REDAN MIDDLE,REDAN MIDDLE,DeKalb,75,1463
574,089MC,55545.1416782,black,MARBUT ELEM,MARBUT ELEM,MARBUT ELEM,DeKalb,26,2452
575,089WG,51184.0000336,black,WOODRIDGE ELEM,WOODRIDGE ELEM,WOODRIDGE ELEM,DeKalb,109,1891
576,089WK,47216.0000308,black,WHITE OAK,WHITE OAK,WHITE OAK,DeKalb,30,1556
577,089FM,56095.4040655,black,FREEDOM MIDDLE,FREEDOM MIDDLE,FREEDOM MIDDLE,DeKalb,172,1560
578,089PE,42070.0496019,black,PINE LAKE (PIN),PINE LAKE,PINE LAKE (PIN),DeKalb,63,323
579,089HA,50233.8643098,black,HAMBRICK ELEM,HAMBRICK ELEM,HAMBRICK ELEM,DeKalb,234,1610
580,089SJ,36927.3545,black,STONE MILL ELEM,STONE MILL ELEM,STONE MILL ELEM,DeKalb,92,1491
581,13545,73877.0920981,black,GARNERS B,GARNERS B,GARNERS B,Gwinnett,857,1076
582,13532,97661.8156498,white,BERKSHIRE D,BERKSHIRE D,BERKSHIRE D,Gwinnett,1141,589
583,13511,48747.0001917,,BERKSHIRE A,BERKSHIRE A,BERKSHIRE A,Gwinnett,424,668
584,135120,60881.664558,,BERKSHIRE P,BERKSHIRE P,BERKSHIRE P,Gwinnett,382,374
585,135109,98089.3071449,white,BERKSHIRE M,BERKSHIRE M,BERKSHIRE M,Gwinnett,717,344
586,13574,45760.9254793,,PINCKNEYVILLE Q,PINCKNEYVILLE Q,PINCKNEYVILLE Q,Gwinnett,109,709
587,135103,51231.4140089,,BERKSHIRE L,BERKSHIRE L,BERKSHIRE L,Gwinnett,458,1009
588,135118,82412.7626273,white,GARNERS F,GARNERS F,GARNERS F,Gwinnett,664,350
589,135112,77794.2471374,white,BERKSHIRE N,BERKSHIRE N,BERKSHIRE N,Gwinnett,1417,611
590,13533,91737.9999169,white,BERKSHIRE E,BERKSHIRE E,BERKSHIRE E,Gwinnett,905,423
591,13592,101415.695334,white,BERKSHIRE J,BERKSHIRE J,BERKSHIRE J,Gwinnett,1228,567
592,13549,80846.954552,white,GARNERS C,GARNERS C,GARNERS C,Gwinnett,605,502
593,13514,106134.001048,white,GARNERS A,GARNERS A,GARNERS A,Gwinnett,1620,687
594,089FB,198544.827023,white,FERNBANK ELEM,FERNBANK ELEM,FERNBANK ELEM,DeKalb,505,1164
595,089EG,119116.973185,white,EMORY SOUTH,EMORY SOUTH,EMORY SOUTH,DeKalb,737,1357
596,089JA,36435.5899204,white,JOHNSON ESTATES (ATL),JOHNSON ESTATES,JOHNSON ESTATES (ATL),DeKalb,302,512
597,089BC,88264.1679836,white,BRIAR VISTA ELEM,BRIAR VISTA ELEM,BRIAR VISTA ELEM,DeKalb,517,1053
598,089DH,134869.307608,white,DRUID HILLS HIGH,DRUID HILLS HIGH,DRUID HILLS HIGH,DeKalb,394,991
599,089TF,96314.9255889,white,TUCKER,TUCKER,TUCKER,DeKalb,1099,862
600,089HG,86195.7687577,,HUGH HOWELL,HUGH HOWELL,HUGH HOWELL,DeKalb,690,594
601,13512,60552.4691547,,BERKSHIRE B,BERKSHIRE B,BERKSHIRE B,Gwinnett,760,1636
602,135148,73174.953133,,BERKSHIRE Q,BERKSHIRE Q,BERKSHIRE Q,Gwinnett,671,364
603,089SU,60509.8194421,black,SOUTH HAIRSTON,SOUTH HAIRSTON,SOUTH HAIRSTON,DeKalb,68,1961
604,089PH,63450.9241653,black,PANOLA,PANOLA,PANOLA,DeKalb,43,869
605,089SK,72872.6533676,black,SHADOW ROCK ELEM,SHADOW ROCK ELEM,SHADOW ROCK ELEM,DeKalb,107,2511
606,12108H,226996.999074,white,08H,08H,08H,Fulton,1199,508
607,13557,68527.5590905,,DULUTH D,DULUTH D,DULUTH D,Gwinnett,1042,1175
608,13582,68022.5747984,,DULUTH E,DULUTH E,DULUTH E,Gwinnett,823,1432
609,13556,60812.2880176,,DULUTH C,DULUTH C,DULUTH C,Gwinnett,775,592
610,121JC11,122981.463271,white,JC11,JC11,JC11,Fulton,1440,580
611,121JC09,120359.978589,white,JC09,JC09,JC09,Fulton,979,766
612,121JC07,126839.488816,white,JC07,JC07,JC07,Fulton,1396,920
613,089SN,75154.0001454,white,SHAMROCK,SHAMROCK,SHAMROCK,DeKalb,426,605
614,089ND,110455.999955,white,NORTHLAKE,NORTHLAKE,NORTHLAKE,DeKalb,472,524
615,089BD,155996.999767,white,BRIARLAKE ELEM,BRIARLAKE ELEM,BRIARLAKE ELEM,DeKalb,674,546
616,089RD,97723.8880976,white,REHOBOTH,REHOBOTH,REHOBOTH,DeKalb,505,793
617,089WI,56205.1077989,,WARREN TECH,WARREN TECH,WARREN TECH,DeKalb,327,435
618,13565,58383.6657037,,BERKSHIRE H,BERKSHIRE H,BERKSHIRE H,Gwinnett,367,498
619,135123,43085.6810829,hispanic,PINCKNEYVILLE Y,PINCKNEYVILLE Y,PINCKNEYVILLE Y,Gwinnett,284,1114
620,13523,44776.1697722,,PINCKNEYVILLE D,PINCKNEYVILLE D,PINCKNEYVILLE D,Gwinnett,192,716
621,13558,49756.4892071,,PINCKNEYVILLE K,PINCKNEYVILLE K,PINCKNEYVILLE K,Gwinnett,375,1196
622,13550,61858.2203188,,PINCKNEYVILLE I,PINCKNEYVILLE I,PINCKNEYVILLE I,Gwinnett,354,912
623,089WL,126049.575239,white,WINTERS CHAPEL (DUN),WINTERS CHAPEL,WINTERS CHAPEL (DUN),DeKalb,622,380
624,135101,62044.1526814,,PINCKNEYVILLE U,PINCKNEYVILLE U,PINCKNEYVILLE U,Gwinnett,574,652
625,089HC,86202.9956996,white,HENDERSON MILL ELEM,HENDERSON MILL ELEM,HENDERSON MILL ELEM,DeKalb,871,1018
626,089MK,82430.2820955,white,MONTREAL,MONTREAL,MONTREAL,DeKalb,400,638
627,089JB,43895.1366532,black,JOLLY ELEM,JOLLY ELEM,JOLLY ELEM,DeKalb,113,1225
628,089IA,62406.8975829,black,IDLEWOOD ELEM (TUC),IDLEWOOD ELEM,IDLEWOOD ELEM (TUC),DeKalb,301,997
629,089BH,70612.1762036,,BROCKETT (TUC),BROCKETT,BROCKETT (TUC),DeKalb,826,1097
630,089CO,103435.932886,,CROSS KEYS HIGH (BHAVN),CROSS KEYS HIGH,CROSS KEYS HIGH (BHAVN),DeKalb,589,604
631,089HI,84529.649367,white,HARRIS-MARGARET HARRIS ED,HARRIS-MARGARET HARRIS ED,HARRIS-MARGARET HARRIS ED,DeKalb,396,926
632,089BG,82487.2273616,white,BRIARCLIFF,BRIARCLIFF,BRIARCLIFF,DeKalb,665,679
633,089MJ,53960.4135568,hispanic,MONTCLAIR ELEM,MONTCLAIR ELEM,MONTCLAIR ELEM,DeKalb,302,903
634,089BE,83551.484499,hispanic,BRIARWOOD (BHAVN),BRIARWOOD,BRIARWOOD (BHAVN),DeKalb,641,661
635,089BI,123167.521961,white,BROOKHAVEN (BHAVN),BROOKHAVEN,BROOKHAVEN (BHAVN),DeKalb,1089,729
636,089SE,120886.597542,white,SILVER LAKE (BHAVN),SILVER LAKE,SILVER LAKE (BHAVN),DeKalb,1497,988
637,089AB,121469.258963,white,ASHFORD PARK ELEM (BHAVN),ASHFORD PARK ELEM,ASHFORD PARK ELEM (BHAVN),DeKalb,1016,538
638,089OA,102700.673396,white,OAK GROVE ELEM,OAK GROVE ELEM,OAK GROVE ELEM,DeKalb,732,760
639,089CW,88732.4900975,white,CORALWOOD,CORALWOOD,CORALWOOD,DeKalb,923,1243
640,089SA,152270.048599,white,SAGAMORE HILLS ELEM,SAGAMORE HILLS ELEM,SAGAMORE HILLS ELEM,DeKalb,1037,1033
641,089LA,127376.406513,white,LAKESIDE HIGH,LAKESIDE HIGH,LAKESIDE HIGH,DeKalb,1121,1100
642,089DC,54242.2244947,hispanic,DRESDEN ELEM (CHA),DRESDEN ELEM,DRESDEN ELEM (CHA),DeKalb,585,1047
643,089HB,89142.956877,white,HAWTHORNE ELEM,HAWTHORNE ELEM,HAWTHORNE ELEM,DeKalb,739,1514
644,089CR,60412.9860109,black,CEDAR GROVE MIDDLE,CEDAR GROVE MIDDLE,CEDAR GROVE MIDDLE,DeKalb,17,973
645,089FJ,49299.9421385,black,FLAT SHOALS,FLAT SHOALS,FLAT SHOALS,DeKalb,16,1175
646,089FC,40205.6109299,black,FLAT SHOALS ELEM,FLAT SHOALS ELEM,FLAT SHOALS ELEM,DeKalb,17,1338
647,089MP,63298.9618907,black,MCNAIR ACADEMY,MCNAIR ACADEMY,MCNAIR ACADEMY,DeKalb,53,1049
648,089OK,106164.804212,white,OAKHURST (DEC),OAKHURST,OAKHURST (DEC),DeKalb,282,1664
649,089RN,106721.992146,white,RENFROE MIDDLE (DEC),RENFROE MIDDLE,RENFROE MIDDLE (DEC),DeKalb,160,902
650,089PG,91336.453884,white,PONCE DE LEON (DEC),PONCE DE LEON,PONCE DE LEON (DEC),DeKalb,279,1159
651,089CV,94575.0664381,white,CLAIREMONT EAST (DEC),CLAIREMONT EAST,CLAIREMONT EAST (DEC),DeKalb,549,1371
652,089WF,107682.555416,white,WINNONA PARK ELEM (DEC),WINNONA PARK ELEM,WINNONA PARK ELEM (DEC),DeKalb,243,1111
653,089GA,109095.808889,white,GLENNWOOD (DEC),GLENNWOOD,GLENNWOOD (DEC),DeKalb,265,952
654,089CI,109860.295873,white,CLAIREMONT WEST (DEC),CLAIREMONT WEST,CLAIREMONT WEST (DEC),DeKalb,627,1510
655,12112M,32997.0398197,black,12M,12M,12M,Fulton,3,170
656,12112J,32930.0000227,black,12J,12J,12J,Fulton,16,1318
657,12112H,32339.3658542,black,12H,12H,12H,Fulton,39,1733
658,063FP2,36140.1578396,black,FOREST PARK 2,FOREST PARK 2,FOREST PARK 2,Clayton,234,1000
659,12112T,32949.4699222,black,12T,12T,12T,Fulton,17,1178
660,063MO2,47053.9136763,black,MORROW 2,MORROW 2,MORROW 2,Clayton,443,631
661,063MO7,46943.0012069,black,MORROW 7,MORROW 7,MORROW 7,Clayton,211,848
662,089GB,51183.999986,black,GLENHAVEN,GLENHAVEN,GLENHAVEN,DeKalb,96,918
663,089AI,86539.3731549,white,AVONDALE HIGH,AVONDALE HIGH,AVONDALE HIGH,DeKalb,333,1624
664,089AE,74514.5410651,white,AVONDALE (AVO),AVONDALE,AVONDALE (AVO),DeKalb,713,1102
665,089CU,45725.1472133,black,COVINGTON,COVINGTON,COVINGTON,DeKalb,153,1015
666,089NB,57972.1051015,,NORTH DECATUR,NORTH DECATUR,NORTH DECATUR,DeKalb,211,690
667,089ME,47316.0000925,,MCLENDON,MCLENDON,MCLENDON,DeKalb,295,967
668,063LC1,50361.1557331,,LAKE CITY,LAKE CITY,LAKE CITY,Clayton,181,1175
669,063MO4,47832.7742799,black,MORROW 4,MORROW 4,MORROW 4,Clayton,242,790
670,063MO9,44338.0001804,black,MORROW 9,MORROW 9,MORROW 9,Clayton,133,650
671,063MO6,58798.2297341,black,MORROW 6,MORROW 6,MORROW 6,Clayton,270,1287
672,063MO3,50130.6568649,,MORROW 3,MORROW 3,MORROW 3,Clayton,365,1948
673,089MR,59521.993967,black,MATHIS-BOB MATHIS ELEM,MATHIS-BOB MATHIS ELEM,MATHIS-BOB MATHIS ELEM,DeKalb,83,1893
674,089RA,56147.2972574,black,RAINBOW ELEM,RAINBOW ELEM,RAINBOW ELEM,DeKalb,77,2321
675,089CA,49146.9999949,black,COLUMBIA DRIVE,COLUMBIA DRIVE,COLUMBIA DRIVE,DeKalb,22,1337
676,089AF,42576.6152659,black,AUSTIN DRIVE,AUSTIN DRIVE,AUSTIN DRIVE,DeKalb,54,1221
677,089CB,44949.8348805,black,CANBY LANE ELEM,CANBY LANE ELEM,CANBY LANE ELEM,DeKalb,27,1214
678,063MO1,40974.4173442,,MORROW 1,MORROW 1,MORROW 1,Clayton,153,1364
679,089BL,67348.9990567,black,BOULDERCREST ROAD,BOULDERCREST RD,BOULDERCREST RD,DeKalb,44,1185
680,063EW1,56862.2945303,black,ELLENWOOD,ELLENWOOD,ELLENWOOD,Clayton,239,3313
681,089CS,65998.398768,black,CEDAR GROVE SOUTH,CEDAR GROVE SOUTH,CEDAR GROVE SOUTH,DeKalb,73,2525
682,089CD,67577.9549057,black,CEDAR GROVE ELEM,CEDAR GROVE ELEM,CEDAR GROVE ELEM,DeKalb,60,2364
683,12112F,38291.6535249,black,12F,12F,12F,Fulton,10,439
684,12104V,24285.8435641,black,04V,04V,04V,Fulton,14,1193
685,12101F,25282.0000225,black,01F,01F,01F,Fulton,7,467
686,12101G,44017.9664044,black,01G,01G,01G,Fulton,51,945
687,12101D,52036.5347394,black,01D,01D,01D,Fulton,54,535
688,12105B,37228.5098978,black,05B,05B,05B,Fulton,54,1150
689,12101S,36673.1016468,black,01S,01S,01S,Fulton,18,897
690,12101C2,35120.0000431,black,01C2,01C2,01C2,Fulton,0,4
691,12101T,55133.2093864,,01T,01T,01T,Fulton,74,617
692,12101P,39242.6726698,black,01P,01P,01P,Fulton,10,649
693,12101R,20891.6639949,black,01R,01R,01R,Fulton,2,671
694,12101E,90784.1397842,white,01E,01E,01E,Fulton,324,1329
695,12101A,92952.9622934,white,01A,01A,01A,Fulton,270,1497
696,12105A1,39463.2967499,black,05A1,05A1,05A1,Fulton,135,869
697,12101B,80095.1839086,,01B,01B,01B,Fulton,380,1862
698,089KA,41734.4224844,black,KELLEY LAKE ELEM,KELLEY LAKE ELEM,KELLEY LAKE ELEM,DeKalb,29,1699
699,089CQ,48441.992136,black,CANDLER,CANDLER,CANDLER,DeKalb,80,1654
700,089CN,56069.8578966,white,COAN MIDDLE (ATL),COAN MIDDLE,COAN MIDDLE (ATL),DeKalb,203,1739
701,089EE,64047.6932682,white,EPWORTH (ATL),EPWORTH,EPWORTH (ATL),DeKalb,501,2106
702,089LE,59997.6991367,white,LIN-MARY LIN ELEM (ATL),LIN-MARY LIN ELEM,LIN-MARY LIN ELEM (ATL),DeKalb,493,1321
703,089BB,52449.3895367,white,BOULEVARD (ATL),BOULEVARD,BOULEVARD (ATL),DeKalb,326,2216
704,089BR,56858.983108,white,BURGESS ELEM (ATL),BURGESS ELEM,BURGESS ELEM (ATL),DeKalb,179,1504
705,089MT,55994.556887,white,METROPOLITAN (ATL),METROPOLITAN,METROPOLITAN (ATL),DeKalb,157,1417
706,089PN,49885.9618547,black,PINEY GROVE,PINEY GROVE,PINEY GROVE,DeKalb,40,850
707,12102G,59375.0279533,black,02G,02G,02G,Fulton,316,1243
708,12102D,51385.098194,black,02D,02D,02D,Fulton,247,1809
709,12102F2,27533.0,hispanic,02F2,02F2,02F2,Fulton,46,282
710,12102J,27533.0003873,hispanic,02J,02J,02J,Fulton,91,622
711,12106G,27533.0,hispanic,06G,06G,06G,Fulton,322,1237
712,12106B,75487.0,white,06B,06B,06B,Fulton,343,738
713,12102E,25350.6313556,black,02E,02E,02E,Fulton,196,926
714,12102F1,42909.2731933,white,02F1,02F1,02F1,Fulton,317,1219
715,12106F,58946.758234,white,06F,06F,06F,Fulton,487,1114
716,12106L1,87765.9992351,white,06L1,06L1,06L1,Fulton,241,372
717,121RW17,100437.99017,white,RW17,RW17,RW17,Fulton,854,797
718,121RW04,100437.999959,white,RW04,RW04,RW04,Fulton,825,454
719,089KB,131053.188751,white,KINGSLEY ELEM (DUN),KINGSLEY ELEM,KINGSLEY ELEM (DUN),DeKalb,1298,501
720,121SS01,136488.870001,white,SS01,SS01,SS01,Fulton,1553,571
721,121RW20,141846.704718,white,RW20,RW20,RW20,Fulton,1172,574
722,121RW21A,163434.327627,white,RW21A,RW21A,RW21A,Fulton,1525,611
723,121RW22A,96248.0087598,white,RW22A,RW22A,RW22A,Fulton,994,1095
724,089DA,51380.957949,,DORAVILLE NORTH (DOR),DORAVILLE NORTH,DORAVILLE NORTH (DOR),DeKalb,423,884
725,089OB,48825.9669156,hispanic,OAKCLIFF ELEM,OAKCLIFF ELEM,OAKCLIFF ELEM,DeKalb,278,516
726,089NF,68242.5858185,,NORTH PEACHTREE (DUN),NORTH PEACHTREE,NORTH PEACHTREE (DUN),DeKalb,433,582
727,13537,49915.3815158,,PINCKNEYVILLE E,PINCKNEYVILLE E,PINCKNEYVILLE E,Gwinnett,216,715
728,089EC,72769.8156416,,EMBRY HILLS,EMBRY HILLS,EMBRY HILLS,DeKalb,623,669
729,121SS25,240757.812902,white,SS25,SS25,SS25,Fulton,687,294
730,13573,89159.9742188,white,PINCKNEYVILLE P,PINCKNEYVILLE P,PINCKNEYVILLE P,Gwinnett,706,584
731,135126,157289.26475,white,PINCKNEYVILLE A1,PINCKNEYVILLE A1,PINCKNEYVILLE A1,Gwinnett,1402,510
732,121RW21B,215870.515805,white,RW21B,RW21B,RW21B,Fulton,12,3
733,121JC19,116523.586226,white,JC19,JC19,JC19,Fulton,1467,868
734,121JC13A,215884.83114,white,JC13A,JC13A,JC13A,Fulton,1210,296
735,13522,112593.361519,white,PINCKNEYVILLE C,PINCKNEYVILLE C,PINCKNEYVILLE C,Gwinnett,725,443
736,135125,157519.000127,white,PINCKNEYVILLE Z,PINCKNEYVILLE Z,PINCKNEYVILLE Z,Gwinnett,1061,291
737,13562,158449.136342,white,PINCKNEYVILLE L,PINCKNEYVILLE L,PINCKNEYVILLE L,Gwinnett,1255,436
738,121JC13B,215885.0,white,JC13B,JC13B,JC13B,Fulton,203,19
739,13563,174588.43018,white,PINCKNEYVILLE M,PINCKNEYVILLE M,PINCKNEYVILLE M,Gwinnett,1335,427
740,13521,48705.2491376,hispanic,PINCKNEYVILLE B,PINCKNEYVILLE B,PINCKNEYVILLE B,Gwinnett,407,877
741,13551,41192.3195348,hispanic,PINCKNEYVILLE J,PINCKNEYVILLE J,PINCKNEYVILLE J,Gwinnett,193,745
742,135113,58325.9909451,,PINCKNEYVILLE V,PINCKNEYVILLE V,PINCKNEYVILLE V,Gwinnett,333,508
743,135114,68796.7918856,,PINCKNEYVILLE W,PINCKNEYVILLE W,PINCKNEYVILLE W,Gwinnett,886,1029
744,13587,73037.8726623,,PINCKNEYVILLE S,PINCKNEYVILLE S,PINCKNEYVILLE S,Gwinnett,721,780
745,089EF,77401.9394479,white,EVANSDALE ELEM,EVANSDALE ELEM,EVANSDALE ELEM,DeKalb,777,1016
746,089MH,99403.6207026,white,MIDVALE ELEM,MIDVALE ELEM,MIDVALE ELEM,DeKalb,908,570
747,089TH,86583.1318894,white,TUCKER LIBRARY,TUCKER LIBRARY,TUCKER LIBRARY,DeKalb,752,902
748,089LV,96227.6770666,white,LIVSEY ELEM,LIVSEY ELEM,LIVSEY ELEM,DeKalb,590,431
749,089DB,50535.0285842,,DORAVILLE SOUTH (DOR),DORAVILLE SOUTH,DORAVILLE SOUTH (DOR),DeKalb,254,441
750,121JC18A,98820.6053867,white,JC18A,JC18A,JC18A,Fulton,1323,537
751,121JC18B,117149.0,white,JC18B,JC18B,JC18B,Fulton,73,56
752,121JC17,117142.980528,white,JC17,JC17,JC17,Fulton,125,91
753,121AP01C,111815.650764,white,AP01C,AP01C,AP01C,Fulton,793,393
754,121JC16,117148.995231,white,JC16,JC16,JC16,Fulton,814,443
755,121AP01A,116185.023555,white,AP01A,AP01A,AP01A,Fulton,920,391
756,121AP13,140031.290537,white,AP13,AP13,AP13,Fulton,1041,506
757,121AP12A,97284.0001583,,AP12A,AP12A,AP12A,Fulton,728,663
758,121JC14,215884.999136,white,JC14,JC14,JC14,Fulton,1147,450
759,121AP14,118228.333247,white,AP14,AP14,AP14,Fulton,1331,676
760,121JC15,127036.418003,white,JC15,JC15,JC15,Fulton,210,240
761,121JC10,111750.530237,white,JC10,JC10,JC10,Fulton,748,629
762,089AG,138754.283642,white,ASHFORD DUNWOODY RD (BHAVN),ASHFORD DUNWOODY RD,ASHFORD DUNWOODY RD (BHAVN),DeKalb,1183,757
763,089AH,94373.329923,white,ASHFORD PARKSIDE (BHAVN),ASHFORD PARKSIDE,ASHFORD PARKSIDE (BHAVN),DeKalb,1053,788
764,089DF,103704.870622,,DUNWOODY (DUN),DUNWOODY,DUNWOODY (DUN),DeKalb,958,838
765,12107F,120758.606402,white,07F,07F,07F,Fulton,969,674
766,12107D,131764.348369,white,07D,07D,07D,Fulton,1167,864
767,12107N,52523.0003284,,07N,07N,07N,Fulton,300,613
768,12107M,77244.3317819,,07M,07M,07M,Fulton,567,580
769,12107E,126115.024592,white,07E,07E,07E,Fulton,885,1740
770,12107A,157276.007275,white,07A,07A,07A,Fulton,1849,1216
771,12107C,176043.722072,white,07C,07C,07C,Fulton,1285,829
772,12107B,199294.36658,white,07B,07B,07B,Fulton,1508,524
773,089MZ,39873.7680554,black,MILLER GROVE HIGH,MILLER GROVE HIGH,MILLER GROVE HIGH,DeKalb,18,1577
774,089RF,69754.00005,black,ROCK CHAPEL ELEM,ROCK CHAPEL ELEM,ROCK CHAPEL ELEM,DeKalb,37,1580
775,135122,66881.53564,black,ROCKBRIDGE G,ROCKBRIDGE G,ROCKBRIDGE G,Gwinnett,738,2152
776,13529,105833.146071,white,CATES B,CATES B,CATES B,Gwinnett,826,294
777,13579,105832.992696,white,CATES K,CATES K,CATES K,Gwinnett,1161,449
778,135139,60154.2597737,,MARTINS K,MARTINS K,MARTINS K,Gwinnett,643,1755
779,135115,62549.6379779,,MARTINS H,MARTINS H,MARTINS H,Gwinnett,960,1357
780,13568,104667.072613,white,CATES I,CATES I,CATES I,Gwinnett,1344,762
781,13593,115555.99355,white,CATES M,CATES M,CATES M,Gwinnett,1920,752
782,135127,60407.0102112,,LAWRENCEVILLE J,LAWRENCEVILLE J,LAWRENCEVILLE J,Gwinnett,468,627
783,13518,59237.7297579,,MARTINS B,MARTINS B,MARTINS B,Gwinnett,597,957
784,13569,103561.424641,white,CATES J,CATES J,CATES J,Gwinnett,1078,844
785,13536,101285.282677,white,CATES E,CATES E,CATES E,Gwinnett,1227,558
786,135107,105700.685053,white,CATES O,CATES O,CATES O,Gwinnett,557,289
787,13535,95189.7064185,white,CATES D,CATES D,CATES D,Gwinnett,1233,672
788,13544,69315.1544263,black,ROCKBRIDGE B,ROCKBRIDGE B,ROCKBRIDGE B,Gwinnett,723,1439
789,13553,55325.4170542,black,CATES H,CATES H,CATES H,Gwinnett,745,1148
790,13546,112113.957655,white,CATES F,CATES F,CATES F,Gwinnett,910,311
791,13547,112113.999945,white,CATES G,CATES G,CATES G,Gwinnett,1482,405
792,135143,79124.9828859,,LAWRENCEVILLE L,LAWRENCEVILLE L,LAWRENCEVILLE L,Gwinnett,1419,1259
793,13561,53880.4268808,,LAWRENCEVILLE E,LAWRENCEVILLE E,LAWRENCEVILLE E,Gwinnett,895,504
794,135153,65770.3293267,,LAWRENCEVILLE N,LAWRENCEVILLE N,LAWRENCEVILLE N,Gwinnett,654,564
795,13516,84147.2609054,,LAWRENCEVILLE B,LAWRENCEVILLE B,LAWRENCEVILLE B,Gwinnett,1011,1444
796,13578,80066.6393881,white,BAYCREEK K,BAYCREEK K,BAYCREEK K,Gwinnett,1221,766
797,13515,54894.2737124,,LAWRENCEVILLE A,LAWRENCEVILLE A,LAWRENCEVILLE A,Gwinnett,935,885
798,135110,62952.278405,,MARTINS G,MARTINS G,MARTINS G,Gwinnett,411,702
799,135124,70959.3286338,,GOODWINS G,GOODWINS G,GOODWINS G,Gwinnett,476,793
800,135149,93855.9999817,white,GOODWINS I,GOODWINS I,GOODWINS I,Gwinnett,1056,537
801,1356,82916.7351706,white,GOODWINS A,GOODWINS A,GOODWINS A,Gwinnett,1130,1001
802,135128,72928.3511667,white,GOODWINS H,GOODWINS H,GOODWINS H,Gwinnett,878,628
803,13583,83704.7140178,white,GOODWINS D,GOODWINS D,GOODWINS D,Gwinnett,1379,969
804,135106,104351.906772,,SUWANEE C,SUWANEE C,SUWANEE C,Gwinnett,1648,790
805,135105,111801.874104,white,SUGAR HILL F,SUGAR HILL F,SUGAR HILL F,Gwinnett,1481,658
